SET session_replication_role = replica;

--
-- PostgreSQL database dump
--

-- Dumped from database version 17.4
-- Dumped by pg_dump version 17.4

SET statement_timeout = 0;
SET lock_timeout = 0;
SET idle_in_transaction_session_timeout = 0;
SET transaction_timeout = 0;
SET client_encoding = 'UTF8';
SET standard_conforming_strings = on;
SELECT pg_catalog.set_config('search_path', '', false);
SET check_function_bodies = false;
SET xmloption = content;
SET client_min_messages = warning;
SET row_security = off;

--
-- Data for Name: audit_log_entries; Type: TABLE DATA; Schema: auth; Owner: supabase_auth_admin
--

INSERT INTO "auth"."audit_log_entries" ("instance_id", "id", "payload", "created_at", "ip_address") VALUES
	('00000000-0000-0000-0000-000000000000', '9ad8814e-85b8-4004-9c6a-9aca98b0d047', '{"action":"user_signedup","actor_id":"effe49d9-51d1-48c9-8075-e496cc76e333","actor_username":"tdrake13@gmail.com","actor_via_sso":false,"log_type":"team","traits":{"provider":"email"}}', '2025-09-09 14:30:39.322284+00', ''),
	('00000000-0000-0000-0000-000000000000', 'ee275152-590c-49d6-b1eb-76ae9b366233', '{"action":"login","actor_id":"effe49d9-51d1-48c9-8075-e496cc76e333","actor_username":"tdrake13@gmail.com","actor_via_sso":false,"log_type":"account","traits":{"provider":"email"}}', '2025-09-09 14:30:39.32387+00', '');


--
-- Data for Name: flow_state; Type: TABLE DATA; Schema: auth; Owner: supabase_auth_admin
--



--
-- Data for Name: users; Type: TABLE DATA; Schema: auth; Owner: supabase_auth_admin
--

INSERT INTO "auth"."users" ("instance_id", "id", "aud", "role", "email", "encrypted_password", "email_confirmed_at", "invited_at", "confirmation_token", "confirmation_sent_at", "recovery_token", "recovery_sent_at", "email_change_token_new", "email_change", "email_change_sent_at", "last_sign_in_at", "raw_app_meta_data", "raw_user_meta_data", "is_super_admin", "created_at", "updated_at", "phone", "phone_confirmed_at", "phone_change", "phone_change_token", "phone_change_sent_at", "email_change_token_current", "email_change_confirm_status", "banned_until", "reauthentication_token", "reauthentication_sent_at", "is_sso_user", "deleted_at", "is_anonymous") VALUES
	('00000000-0000-0000-0000-000000000000', 'effe49d9-51d1-48c9-8075-e496cc76e333', 'authenticated', 'authenticated', 'tdrake13@gmail.com', '$2a$10$KzP57RDDfgd6Kwg.Yz9iEOR9fAx67kItdUXw.rMVEIY629k84TjW.', '2025-09-09 14:30:39.322945+00', NULL, '', NULL, '', NULL, '', '', NULL, '2025-09-09 14:30:39.32405+00', '{"provider": "email", "providers": ["email"]}', '{"sub": "effe49d9-51d1-48c9-8075-e496cc76e333", "email": "tdrake13@gmail.com", "display_name": "Tom", "email_verified": true, "phone_verified": false}', NULL, '2025-09-09 14:30:39.316122+00', '2025-09-09 14:30:39.327203+00', NULL, NULL, '', '', NULL, '', 0, NULL, '', NULL, false, NULL, false);


--
-- Data for Name: identities; Type: TABLE DATA; Schema: auth; Owner: supabase_auth_admin
--

INSERT INTO "auth"."identities" ("provider_id", "user_id", "identity_data", "provider", "last_sign_in_at", "created_at", "updated_at", "id") VALUES
	('effe49d9-51d1-48c9-8075-e496cc76e333', 'effe49d9-51d1-48c9-8075-e496cc76e333', '{"sub": "effe49d9-51d1-48c9-8075-e496cc76e333", "email": "tdrake13@gmail.com", "display_name": "Tom", "email_verified": false, "phone_verified": false}', 'email', '2025-09-09 14:30:39.321355+00', '2025-09-09 14:30:39.321378+00', '2025-09-09 14:30:39.321378+00', '044f49ed-96bc-4654-983d-a5bcff3ddec9');


--
-- Data for Name: instances; Type: TABLE DATA; Schema: auth; Owner: supabase_auth_admin
--



--
-- Data for Name: sessions; Type: TABLE DATA; Schema: auth; Owner: supabase_auth_admin
--

INSERT INTO "auth"."sessions" ("id", "user_id", "created_at", "updated_at", "factor_id", "aal", "not_after", "refreshed_at", "user_agent", "ip", "tag") VALUES
	('548c3650-afcf-42ad-b29d-5488d5d383bc', 'effe49d9-51d1-48c9-8075-e496cc76e333', '2025-09-09 14:30:39.324075+00', '2025-09-09 14:30:39.324075+00', NULL, 'aal1', NULL, NULL, 'Mozilla/5.0 (Macintosh; Intel Mac OS X 10_15_7) AppleWebKit/605.1.15 (KHTML, like Gecko) Version/18.6 Safari/605.1.15', '172.18.0.1', NULL);


--
-- Data for Name: mfa_amr_claims; Type: TABLE DATA; Schema: auth; Owner: supabase_auth_admin
--

INSERT INTO "auth"."mfa_amr_claims" ("session_id", "created_at", "updated_at", "authentication_method", "id") VALUES
	('548c3650-afcf-42ad-b29d-5488d5d383bc', '2025-09-09 14:30:39.327327+00', '2025-09-09 14:30:39.327327+00', 'password', 'e9141790-b313-46a7-a3bb-da156da6f14b');


--
-- Data for Name: mfa_factors; Type: TABLE DATA; Schema: auth; Owner: supabase_auth_admin
--



--
-- Data for Name: mfa_challenges; Type: TABLE DATA; Schema: auth; Owner: supabase_auth_admin
--



--
-- Data for Name: one_time_tokens; Type: TABLE DATA; Schema: auth; Owner: supabase_auth_admin
--



--
-- Data for Name: refresh_tokens; Type: TABLE DATA; Schema: auth; Owner: supabase_auth_admin
--

INSERT INTO "auth"."refresh_tokens" ("instance_id", "id", "token", "user_id", "revoked", "created_at", "updated_at", "parent", "session_id") VALUES
	('00000000-0000-0000-0000-000000000000', 1, '73xrqmlsarrg', 'effe49d9-51d1-48c9-8075-e496cc76e333', false, '2025-09-09 14:30:39.325154+00', '2025-09-09 14:30:39.325154+00', NULL, '548c3650-afcf-42ad-b29d-5488d5d383bc');


--
-- Data for Name: sso_providers; Type: TABLE DATA; Schema: auth; Owner: supabase_auth_admin
--



--
-- Data for Name: saml_providers; Type: TABLE DATA; Schema: auth; Owner: supabase_auth_admin
--



--
-- Data for Name: saml_relay_states; Type: TABLE DATA; Schema: auth; Owner: supabase_auth_admin
--



--
-- Data for Name: sso_domains; Type: TABLE DATA; Schema: auth; Owner: supabase_auth_admin
--



--
-- Data for Name: age_groups; Type: TABLE DATA; Schema: public; Owner: postgres
--

INSERT INTO "public"."age_groups" ("id", "name", "created_at", "updated_at") VALUES
	(1, 'U13', '2025-07-20 20:08:45.733237+00', '2025-07-20 20:08:45.733237+00'),
	(2, 'U14', '2025-07-20 20:08:45.733237+00', '2025-07-20 20:08:45.733237+00');


--
-- Data for Name: divisions; Type: TABLE DATA; Schema: public; Owner: postgres
--

INSERT INTO "public"."divisions" ("id", "name", "description", "created_at", "updated_at") VALUES
	(1, 'Northeast', 'Northeast Division', '2025-07-20 20:08:45.77609+00', '2025-07-20 20:08:45.77609+00');


--
-- Data for Name: game_types; Type: TABLE DATA; Schema: public; Owner: postgres
--

INSERT INTO "public"."game_types" ("id", "name", "created_at", "updated_at") VALUES
	(1, 'League', '2025-07-20 20:08:45.733237+00', '2025-07-20 20:08:45.733237+00'),
	(2, 'Tournament', '2025-07-20 20:08:45.733237+00', '2025-07-20 20:08:45.733237+00'),
	(3, 'Friendly', '2025-07-20 20:08:45.733237+00', '2025-07-20 20:08:45.733237+00'),
	(4, 'Playoff', '2025-07-20 20:08:45.733237+00', '2025-07-20 20:08:45.733237+00');


--
-- Data for Name: seasons; Type: TABLE DATA; Schema: public; Owner: postgres
--

INSERT INTO "public"."seasons" ("id", "name", "start_date", "end_date", "created_at", "updated_at") VALUES
	(2, '2024-2025', '2024-09-01', '2025-06-30', '2025-07-20 20:08:45.733237+00', '2025-07-20 20:08:45.733237+00'),
	(3, '2025-2026', '2025-09-01', '2026-06-30', '2025-07-20 20:08:45.733237+00', '2025-07-20 20:08:45.733237+00');


--
-- Data for Name: teams; Type: TABLE DATA; Schema: public; Owner: postgres
--

INSERT INTO "public"."teams" ("id", "name", "city", "created_at", "updated_at", "academy_team") VALUES
	(1, 'Bayside FC', 'Northeast', '2025-07-20 20:26:48.706028+00', '2025-07-20 20:26:48.706028+00', false),
	(2, 'Beachside of Connecticut', 'Northeast', '2025-07-20 20:26:48.706028+00', '2025-07-20 20:26:48.706028+00', false),
	(3, 'Blau Weiss Gottschee', 'Northeast', '2025-07-20 20:26:48.706028+00', '2025-07-20 20:26:48.706028+00', false),
	(4, 'Cedar Stars Academy Bergen', 'Northeast', '2025-07-20 20:26:48.706028+00', '2025-07-20 20:26:48.706028+00', false),
	(5, 'Downtown United Soccer Club', 'Northeast', '2025-07-20 20:26:48.706028+00', '2025-07-20 20:26:48.706028+00', false),
	(6, 'FA Euro New York', 'Northeast', '2025-07-20 20:26:48.706028+00', '2025-07-20 20:26:48.706028+00', false),
	(7, 'FC Greater Boston Bolts', 'Northeast', '2025-07-20 20:26:48.706028+00', '2025-07-20 20:26:48.706028+00', false),
	(8, 'FC Westchester', 'Northeast', '2025-07-20 20:26:48.706028+00', '2025-07-20 20:26:48.706028+00', false),
	(9, 'IFA', 'Northeast', '2025-07-20 20:26:48.706028+00', '2025-07-20 20:26:48.706028+00', false),
	(10, 'Long Island Soccer Club', 'Northeast', '2025-07-20 20:26:48.706028+00', '2025-07-20 20:26:48.706028+00', false),
	(11, 'Metropolitan Oval', 'Northeast', '2025-07-20 20:26:48.706028+00', '2025-07-20 20:26:48.706028+00', false),
	(12, 'NEFC', 'Northeast', '2025-07-20 20:26:48.706028+00', '2025-07-20 20:26:48.706028+00', false),
	(15, 'New York SC', 'Northeast', '2025-07-20 20:26:48.706028+00', '2025-07-20 20:26:48.706028+00', false),
	(16, 'Oakwood Soccer Club', 'Northeast', '2025-07-20 20:26:48.706028+00', '2025-07-20 20:26:48.706028+00', false),
	(17, 'Rochester NY FC', 'Northeast', '2025-07-20 20:26:48.706028+00', '2025-07-20 20:26:48.706028+00', false),
	(18, 'Seacoast United', 'Northeast', '2025-07-20 20:26:48.706028+00', '2025-07-20 20:26:48.706028+00', false),
	(19, 'Valeo Futbol Club', 'Northeast', '2025-07-20 20:26:48.706028+00', '2025-07-20 20:26:48.706028+00', false),
	(20, 'Intercontinental Football Academy of New England', 'Northeast', '2025-07-20 20:26:48.706028+00', '2025-07-20 20:26:48.706028+00', false),
	(13, 'New England Revolution', 'Northeast', '2025-07-20 20:26:48.706028+00', '2025-07-20 20:26:48.706028+00', true),
	(14, 'New York City FC', 'Northeast', '2025-07-20 20:26:48.706028+00', '2025-07-20 20:26:48.706028+00', true),
	(21, 'NYRB', 'New York', '2025-07-20 21:01:30.392053+00', '2025-07-20 21:01:30.392053+00', true);


--
-- Data for Name: games; Type: TABLE DATA; Schema: public; Owner: postgres
--

INSERT INTO "public"."games" ("id", "game_date", "home_team_id", "away_team_id", "home_score", "away_score", "season_id", "age_group_id", "game_type_id", "created_at", "updated_at", "division_id") VALUES
	(1, '2025-08-16', 21, 9, 0, 0, 3, 2, 3, '2025-07-20 21:03:11.243726+00', '2025-07-20 21:03:11.243726+00', NULL),
	(2, '2025-08-17', 14, 9, 0, 0, 3, 2, 3, '2025-07-20 21:03:25.260617+00', '2025-07-20 21:03:25.260617+00', NULL),
	(337, '2025-03-01', 15, 9, 3, 1, 2, 1, 1, '2025-07-26 19:44:19.032197+00', '2025-07-26 19:44:19.032197+00', 1),
	(338, '2025-03-02', 6, 9, 2, 4, 2, 1, 1, '2025-07-26 19:44:19.032197+00', '2025-07-26 19:44:19.032197+00', 1),
	(339, '2025-03-08', 18, 9, 1, 5, 2, 1, 1, '2025-07-26 19:44:19.032197+00', '2025-07-26 19:44:19.032197+00', 1),
	(340, '2025-03-09', 9, 2, 0, 3, 2, 1, 1, '2025-07-26 19:44:19.032197+00', '2025-07-26 19:44:19.032197+00', 1),
	(341, '2025-03-23', 9, 1, 7, 2, 2, 1, 1, '2025-07-26 19:44:19.032197+00', '2025-07-26 19:44:19.032197+00', 1),
	(342, '2025-03-29', 5, 9, 4, 2, 2, 1, 1, '2025-07-26 19:44:19.032197+00', '2025-07-26 19:44:19.032197+00', 1),
	(343, '2025-04-05', 9, 7, 3, 0, 2, 1, 1, '2025-07-26 19:44:19.032197+00', '2025-07-26 19:44:19.032197+00', 1),
	(344, '2025-04-06', 13, 9, 1, 0, 2, 1, 1, '2025-07-26 19:44:19.032197+00', '2025-07-26 19:44:19.032197+00', 1),
	(345, '2025-04-26', 16, 9, 1, 4, 2, 1, 1, '2025-07-26 19:44:19.032197+00', '2025-07-26 19:44:19.032197+00', 1),
	(346, '2025-05-17', 9, 10, 4, 5, 2, 1, 1, '2025-07-26 19:44:19.032197+00', '2025-07-26 19:44:19.032197+00', 1),
	(347, '2025-05-31', 12, 9, 1, 1, 2, 1, 1, '2025-07-26 19:44:19.032197+00', '2025-07-26 19:44:19.032197+00', 1),
	(87, '2025-04-26', 16, 20, 1, 4, 2, 1, 1, '2025-07-26 19:28:07.484384+00', '2025-07-26 19:28:07.484384+00', 1),
	(88, '2025-04-27', 14, 5, 0, 1, 2, 1, 1, '2025-07-26 19:28:07.484384+00', '2025-07-26 19:28:07.484384+00', 1),
	(89, '2025-04-27', 2, 8, 5, 1, 2, 1, 1, '2025-07-26 19:28:07.484384+00', '2025-07-26 19:28:07.484384+00', 1),
	(90, '2025-04-27', 3, 11, 2, 0, 2, 1, 1, '2025-07-26 19:28:07.484384+00', '2025-07-26 19:28:07.484384+00', 1),
	(91, '2025-04-27', 10, 15, 5, 1, 2, 1, 1, '2025-07-26 19:28:07.484384+00', '2025-07-26 19:28:07.484384+00', 1),
	(92, '2025-05-03', 15, 8, 3, 0, 2, 1, 1, '2025-07-26 19:28:07.484384+00', '2025-07-26 19:28:07.484384+00', 1),
	(93, '2025-05-03', 11, 17, 0, 1, 2, 1, 1, '2025-07-26 19:28:07.484384+00', '2025-07-26 19:28:07.484384+00', 1),
	(94, '2025-05-03', 18, 12, 1, 1, 2, 1, 1, '2025-07-26 19:28:07.484384+00', '2025-07-26 19:28:07.484384+00', 1),
	(95, '2025-05-03', 10, 4, 0, 3, 2, 1, 1, '2025-07-26 19:28:07.484384+00', '2025-07-26 19:28:07.484384+00', 1),
	(96, '2025-05-03', 16, 5, 3, 0, 2, 1, 1, '2025-07-26 19:28:07.484384+00', '2025-07-26 19:28:07.484384+00', 1),
	(97, '2025-05-03', 14, 3, 0, 2, 2, 1, 1, '2025-07-26 19:28:07.484384+00', '2025-07-26 19:28:07.484384+00', 1),
	(98, '2025-05-03', 13, 7, 3, 0, 2, 1, 1, '2025-07-26 19:28:07.484384+00', '2025-07-26 19:28:07.484384+00', 1),
	(99, '2025-05-03', 6, 2, 0, 10, 2, 1, 1, '2025-07-26 19:28:07.484384+00', '2025-07-26 19:28:07.484384+00', 1),
	(100, '2025-05-03', 19, 1, 0, 4, 2, 1, 1, '2025-07-26 19:28:07.484384+00', '2025-07-26 19:28:07.484384+00', 1),
	(101, '2025-05-04', 18, 19, 4, 0, 2, 1, 1, '2025-07-26 19:28:07.484384+00', '2025-07-26 19:28:07.484384+00', 1),
	(102, '2025-05-04', 8, 5, 0, 4, 2, 1, 1, '2025-07-26 19:28:07.484384+00', '2025-07-26 19:28:07.484384+00', 1),
	(191, '2024-10-20', 16, 15, 1, 1, 2, 1, 1, '2025-07-26 19:29:01.164548+00', '2025-07-26 19:29:01.164548+00', 1),
	(192, '2024-10-20', 9, 14, 1, 3, 2, 1, 1, '2025-07-26 19:29:01.164548+00', '2025-07-26 19:29:01.164548+00', 1),
	(193, '2024-10-26', 3, 16, 8, 0, 2, 1, 1, '2025-07-26 19:29:01.164548+00', '2025-07-26 19:29:01.164548+00', 1),
	(194, '2024-10-26', 8, 2, 0, 4, 2, 1, 1, '2025-07-26 19:29:01.164548+00', '2025-07-26 19:29:01.164548+00', 1),
	(195, '2024-10-26', 11, 9, 2, 2, 2, 1, 1, '2025-07-26 19:29:01.164548+00', '2025-07-26 19:29:01.164548+00', 1),
	(196, '2024-10-26', 7, 19, 1, 0, 2, 1, 1, '2025-07-26 19:29:01.164548+00', '2025-07-26 19:29:01.164548+00', 1),
	(197, '2024-10-26', 6, 15, 1, 1, 2, 1, 1, '2025-07-26 19:29:01.164548+00', '2025-07-26 19:29:01.164548+00', 1),
	(198, '2024-10-27', 14, 17, 7, 0, 2, 1, 1, '2025-07-26 19:29:01.164548+00', '2025-07-26 19:29:01.164548+00', 1),
	(199, '2024-10-27', 6, 10, 2, 4, 2, 1, 1, '2025-07-26 19:29:01.164548+00', '2025-07-26 19:29:01.164548+00', 1),
	(3, '2024-11-09', 12, 16, 3, 1, 2, 1, 1, '2025-07-26 19:28:07.481602+00', '2025-07-26 19:28:07.481602+00', 1),
	(4, '2024-11-09', 10, 8, 2, 2, 2, 1, 1, '2025-07-26 19:28:07.481602+00', '2025-07-26 19:28:07.481602+00', 1),
	(5, '2024-11-09', 19, 11, 0, 4, 2, 1, 1, '2025-07-26 19:28:07.481602+00', '2025-07-26 19:28:07.481602+00', 1),
	(6, '2024-11-09', 7, 1, 1, 0, 2, 1, 1, '2025-07-26 19:28:07.481602+00', '2025-07-26 19:28:07.481602+00', 1),
	(7, '2024-11-10', 4, 10, 1, 4, 2, 1, 1, '2025-07-26 19:28:07.481602+00', '2025-07-26 19:28:07.481602+00', 1),
	(8, '2024-11-10', 17, 2, 1, 1, 2, 1, 1, '2025-07-26 19:28:07.481602+00', '2025-07-26 19:28:07.481602+00', 1),
	(9, '2024-11-10', 13, 11, 2, 2, 2, 1, 1, '2025-07-26 19:28:07.481602+00', '2025-07-26 19:28:07.481602+00', 1),
	(10, '2024-11-16', 3, 10, 0, 0, 2, 1, 1, '2025-07-26 19:28:07.481602+00', '2025-07-26 19:28:07.481602+00', 1),
	(11, '2024-11-16', 17, 15, 0, 0, 2, 1, 1, '2025-07-26 19:28:07.481602+00', '2025-07-26 19:28:07.481602+00', 1),
	(12, '2024-11-16', 9, 12, 0, 0, 2, 1, 1, '2025-07-26 19:28:07.481602+00', '2025-07-26 19:28:07.481602+00', 1),
	(13, '2024-11-16', 5, 14, 0, 0, 2, 1, 1, '2025-07-26 19:28:07.481602+00', '2025-07-26 19:28:07.481602+00', 1),
	(14, '2024-11-16', 19, 18, 0, 0, 2, 1, 1, '2025-07-26 19:28:07.481602+00', '2025-07-26 19:28:07.481602+00', 1),
	(15, '2024-11-16', 2, 11, 0, 0, 2, 1, 1, '2025-07-26 19:28:07.481602+00', '2025-07-26 19:28:07.481602+00', 1),
	(16, '2024-11-16', 7, 4, 0, 0, 2, 1, 1, '2025-07-26 19:28:07.481602+00', '2025-07-26 19:28:07.481602+00', 1),
	(17, '2024-11-16', 16, 13, 0, 0, 2, 1, 1, '2025-07-26 19:28:07.481602+00', '2025-07-26 19:28:07.481602+00', 1),
	(18, '2024-11-16', 1, 8, 0, 0, 2, 1, 1, '2025-07-26 19:28:07.481602+00', '2025-07-26 19:28:07.481602+00', 1),
	(19, '2024-11-17', 19, 12, 0, 0, 2, 1, 1, '2025-07-26 19:28:07.481602+00', '2025-07-26 19:28:07.481602+00', 1),
	(20, '2024-11-17', 9, 4, 0, 0, 2, 1, 1, '2025-07-26 19:28:07.481602+00', '2025-07-26 19:28:07.481602+00', 1),
	(21, '2024-11-17', 18, 7, 0, 0, 2, 1, 1, '2025-07-26 19:28:07.481602+00', '2025-07-26 19:28:07.481602+00', 1),
	(22, '2024-11-17', 11, 10, 0, 0, 2, 1, 1, '2025-07-26 19:28:07.481602+00', '2025-07-26 19:28:07.481602+00', 1),
	(23, '2024-11-17', 17, 5, 0, 0, 2, 1, 1, '2025-07-26 19:28:07.481602+00', '2025-07-26 19:28:07.481602+00', 1),
	(24, '2024-11-17', 8, 13, 0, 0, 2, 1, 1, '2025-07-26 19:28:07.481602+00', '2025-07-26 19:28:07.481602+00', 1),
	(25, '2025-03-01', 8, 6, 4, 2, 2, 1, 1, '2025-07-26 19:28:07.481602+00', '2025-07-26 19:28:07.481602+00', 1),
	(26, '2025-03-01', 13, 19, 3, 1, 2, 1, 1, '2025-07-26 19:28:07.481602+00', '2025-07-26 19:28:07.481602+00', 1),
	(27, '2025-03-01', 15, 20, 3, 1, 2, 1, 1, '2025-07-26 19:28:07.481602+00', '2025-07-26 19:28:07.481602+00', 1),
	(28, '2025-03-01', 1, 16, 2, 0, 2, 1, 1, '2025-07-26 19:28:07.481602+00', '2025-07-26 19:28:07.481602+00', 1),
	(29, '2025-03-02', 8, 11, 4, 5, 2, 1, 1, '2025-07-26 19:28:07.481602+00', '2025-07-26 19:28:07.481602+00', 1),
	(30, '2025-03-02', 6, 20, 2, 4, 2, 1, 1, '2025-07-26 19:28:07.481602+00', '2025-07-26 19:28:07.481602+00', 1),
	(31, '2025-03-02', 2, 10, 9, 0, 2, 1, 1, '2025-07-26 19:28:07.481602+00', '2025-07-26 19:28:07.481602+00', 1),
	(32, '2025-03-02', 13, 16, 8, 0, 2, 1, 1, '2025-07-26 19:28:07.481602+00', '2025-07-26 19:28:07.481602+00', 1),
	(33, '2025-03-02', 3, 18, 5, 1, 2, 1, 1, '2025-07-26 19:28:07.481602+00', '2025-07-26 19:28:07.481602+00', 1),
	(34, '2025-03-08', 5, 12, 1, 2, 2, 1, 1, '2025-07-26 19:28:07.481602+00', '2025-07-26 19:28:07.481602+00', 1),
	(35, '2025-03-08', 15, 11, 0, 3, 2, 1, 1, '2025-07-26 19:28:07.481602+00', '2025-07-26 19:28:07.481602+00', 1),
	(36, '2025-03-08', 18, 20, 1, 5, 2, 1, 1, '2025-07-26 19:28:07.481602+00', '2025-07-26 19:28:07.481602+00', 1),
	(37, '2025-03-08', 6, 1, 5, 1, 2, 1, 1, '2025-07-26 19:28:07.481602+00', '2025-07-26 19:28:07.481602+00', 1),
	(38, '2025-03-08', 4, 17, 3, 0, 2, 1, 1, '2025-07-26 19:28:07.481602+00', '2025-07-26 19:28:07.481602+00', 1),
	(39, '2025-03-08', 14, 13, 1, 0, 2, 1, 1, '2025-07-26 19:28:07.481602+00', '2025-07-26 19:28:07.481602+00', 1),
	(40, '2025-03-08', 7, 3, 0, 3, 2, 1, 1, '2025-07-26 19:28:07.481602+00', '2025-07-26 19:28:07.481602+00', 1),
	(41, '2025-03-08', 8, 16, 7, 2, 2, 1, 1, '2025-07-26 19:28:07.481602+00', '2025-07-26 19:28:07.481602+00', 1),
	(42, '2025-03-09', 10, 17, 3, 1, 2, 1, 1, '2025-07-26 19:28:07.481602+00', '2025-07-26 19:28:07.481602+00', 1),
	(43, '2025-03-09', 15, 1, 3, 0, 2, 1, 1, '2025-07-26 19:28:07.481602+00', '2025-07-26 19:28:07.481602+00', 1),
	(44, '2025-03-09', 6, 11, 2, 4, 2, 1, 1, '2025-07-26 19:28:07.481602+00', '2025-07-26 19:28:07.481602+00', 1),
	(45, '2025-03-09', 20, 2, 0, 3, 2, 1, 1, '2025-07-26 19:28:07.481602+00', '2025-07-26 19:28:07.481602+00', 1),
	(46, '2025-03-09', 4, 13, 4, 0, 2, 1, 1, '2025-07-26 19:28:07.481602+00', '2025-07-26 19:28:07.481602+00', 1),
	(47, '2025-03-09', 7, 18, 1, 4, 2, 1, 1, '2025-07-26 19:28:07.481602+00', '2025-07-26 19:28:07.481602+00', 1),
	(48, '2025-03-09', 14, 16, 3, 2, 2, 1, 1, '2025-07-26 19:28:07.481602+00', '2025-07-26 19:28:07.481602+00', 1),
	(49, '2025-03-15', 19, 17, 1, 1, 2, 1, 1, '2025-07-26 19:28:07.481602+00', '2025-07-26 19:28:07.481602+00', 1),
	(50, '2025-03-22', 17, 10, 0, 0, 2, 1, 1, '2025-07-26 19:28:07.481602+00', '2025-07-26 19:28:07.481602+00', 1),
	(51, '2025-03-22', 19, 5, 0, 3, 2, 1, 1, '2025-07-26 19:28:07.481602+00', '2025-07-26 19:28:07.481602+00', 1),
	(52, '2025-03-22', 2, 4, 0, 0, 2, 1, 1, '2025-07-26 19:28:07.481602+00', '2025-07-26 19:28:07.481602+00', 1),
	(53, '2025-03-22', 14, 11, 3, 4, 2, 1, 1, '2025-07-26 19:28:07.484384+00', '2025-07-26 19:28:07.484384+00', 1),
	(54, '2025-03-22', 6, 8, 3, 3, 2, 1, 1, '2025-07-26 19:28:07.484384+00', '2025-07-26 19:28:07.484384+00', 1),
	(55, '2025-03-22', 13, 18, 5, 1, 2, 1, 1, '2025-07-26 19:28:07.484384+00', '2025-07-26 19:28:07.484384+00', 1),
	(56, '2025-03-22', 3, 15, 2, 0, 2, 1, 1, '2025-07-26 19:28:07.484384+00', '2025-07-26 19:28:07.484384+00', 1),
	(57, '2025-03-23', 20, 1, 7, 2, 2, 1, 1, '2025-07-26 19:28:07.484384+00', '2025-07-26 19:28:07.484384+00', 1),
	(58, '2025-03-23', 13, 5, 4, 0, 2, 1, 1, '2025-07-26 19:28:07.484384+00', '2025-07-26 19:28:07.484384+00', 1),
	(59, '2025-03-23', 4, 15, 4, 1, 2, 1, 1, '2025-07-26 19:28:07.484384+00', '2025-07-26 19:28:07.484384+00', 1),
	(60, '2025-03-29', 17, 12, 1, 1, 2, 1, 1, '2025-07-26 19:28:07.484384+00', '2025-07-26 19:28:07.484384+00', 1),
	(61, '2025-03-29', 8, 10, 1, 1, 2, 1, 1, '2025-07-26 19:28:07.484384+00', '2025-07-26 19:28:07.484384+00', 1),
	(62, '2025-03-29', 4, 11, 2, 0, 2, 1, 1, '2025-07-26 19:28:07.484384+00', '2025-07-26 19:28:07.484384+00', 1),
	(63, '2025-03-29', 5, 20, 4, 2, 2, 1, 1, '2025-07-26 19:28:07.484384+00', '2025-07-26 19:28:07.484384+00', 1),
	(64, '2025-03-30', 10, 13, 0, 5, 2, 1, 1, '2025-07-26 19:28:07.484384+00', '2025-07-26 19:28:07.484384+00', 1),
	(65, '2025-03-30', 17, 7, 1, 3, 2, 1, 1, '2025-07-26 19:28:07.484384+00', '2025-07-26 19:28:07.484384+00', 1),
	(66, '2025-03-30', 15, 2, 1, 0, 2, 1, 1, '2025-07-26 19:28:07.484384+00', '2025-07-26 19:28:07.484384+00', 1),
	(67, '2025-03-30', 18, 16, 0, 0, 2, 1, 1, '2025-07-26 19:28:07.484384+00', '2025-07-26 19:28:07.484384+00', 1),
	(68, '2025-04-05', 20, 7, 3, 0, 2, 1, 1, '2025-07-26 19:28:07.484384+00', '2025-07-26 19:28:07.484384+00', 1),
	(69, '2025-04-05', 10, 14, 0, 2, 2, 1, 1, '2025-07-26 19:28:07.484384+00', '2025-07-26 19:28:07.484384+00', 1),
	(70, '2025-04-05', 8, 4, 0, 4, 2, 1, 1, '2025-07-26 19:28:07.484384+00', '2025-07-26 19:28:07.484384+00', 1),
	(71, '2025-04-05', 18, 1, 1, 3, 2, 1, 1, '2025-07-26 19:28:07.484384+00', '2025-07-26 19:28:07.484384+00', 1),
	(72, '2025-04-05', 3, 5, 3, 0, 2, 1, 1, '2025-07-26 19:28:07.484384+00', '2025-07-26 19:28:07.484384+00', 1),
	(73, '2025-04-05', 13, 12, 2, 1, 2, 1, 1, '2025-07-26 19:28:07.484384+00', '2025-07-26 19:28:07.484384+00', 1),
	(74, '2025-04-05', 6, 17, 1, 1, 2, 1, 1, '2025-07-26 19:28:07.484384+00', '2025-07-26 19:28:07.484384+00', 1),
	(75, '2025-04-06', 15, 17, 3, 0, 2, 1, 1, '2025-07-26 19:28:07.484384+00', '2025-07-26 19:28:07.484384+00', 1),
	(76, '2025-04-06', 13, 20, 1, 0, 2, 1, 1, '2025-07-26 19:28:07.484384+00', '2025-07-26 19:28:07.484384+00', 1),
	(77, '2025-04-06', 16, 19, 3, 1, 2, 1, 1, '2025-07-26 19:28:07.484384+00', '2025-07-26 19:28:07.484384+00', 1),
	(78, '2025-04-12', 11, 2, 1, 4, 2, 1, 1, '2025-07-26 19:28:07.484384+00', '2025-07-26 19:28:07.484384+00', 1),
	(79, '2025-04-12', 17, 3, 1, 4, 2, 1, 1, '2025-07-26 19:28:07.484384+00', '2025-07-26 19:28:07.484384+00', 1),
	(80, '2025-04-12', 7, 10, 5, 4, 2, 1, 1, '2025-07-26 19:28:07.484384+00', '2025-07-26 19:28:07.484384+00', 1),
	(81, '2025-04-13', 12, 14, 0, 4, 2, 1, 1, '2025-07-26 19:28:07.484384+00', '2025-07-26 19:28:07.484384+00', 1),
	(82, '2025-04-26', 2, 17, 2, 0, 2, 1, 1, '2025-07-26 19:28:07.484384+00', '2025-07-26 19:28:07.484384+00', 1),
	(83, '2025-04-26', 4, 6, 1, 1, 2, 1, 1, '2025-07-26 19:28:07.484384+00', '2025-07-26 19:28:07.484384+00', 1),
	(84, '2025-04-26', 7, 12, 1, 2, 2, 1, 1, '2025-07-26 19:28:07.484384+00', '2025-07-26 19:28:07.484384+00', 1),
	(85, '2025-04-26', 13, 1, 3, 1, 2, 1, 1, '2025-07-26 19:28:07.484384+00', '2025-07-26 19:28:07.484384+00', 1),
	(86, '2025-04-26', 10, 11, 1, 6, 2, 1, 1, '2025-07-26 19:28:07.484384+00', '2025-07-26 19:28:07.484384+00', 1),
	(103, '2025-05-10', 6, 14, 0, 3, 2, 1, 1, '2025-07-26 19:28:07.486909+00', '2025-07-26 19:28:07.486909+00', 1),
	(104, '2025-05-10', 5, 2, 3, 1, 2, 1, 1, '2025-07-26 19:28:07.486909+00', '2025-07-26 19:28:07.486909+00', 1),
	(105, '2025-05-11', 18, 6, 2, 2, 2, 1, 1, '2025-07-26 19:28:07.486909+00', '2025-07-26 19:28:07.486909+00', 1),
	(106, '2025-05-17', 17, 8, 1, 0, 2, 1, 1, '2025-07-26 19:28:07.486909+00', '2025-07-26 19:28:07.486909+00', 1),
	(107, '2025-05-17', 20, 10, 4, 5, 2, 1, 1, '2025-07-26 19:28:07.486909+00', '2025-07-26 19:28:07.486909+00', 1),
	(108, '2025-05-17', 14, 4, 0, 1, 2, 1, 1, '2025-07-26 19:28:07.486909+00', '2025-07-26 19:28:07.486909+00', 1),
	(109, '2025-05-17', 1, 12, 2, 1, 2, 1, 1, '2025-07-26 19:28:07.486909+00', '2025-07-26 19:28:07.486909+00', 1),
	(110, '2025-05-17', 3, 6, 4, 2, 2, 1, 1, '2025-07-26 19:28:07.486909+00', '2025-07-26 19:28:07.486909+00', 1),
	(111, '2025-05-17', 5, 11, 0, 4, 2, 1, 1, '2025-07-26 19:28:07.486909+00', '2025-07-26 19:28:07.486909+00', 1),
	(112, '2025-05-18', 17, 18, 4, 2, 2, 1, 1, '2025-07-26 19:28:07.486909+00', '2025-07-26 19:28:07.486909+00', 1),
	(113, '2025-05-18', 11, 6, 6, 1, 2, 1, 1, '2025-07-26 19:28:07.486909+00', '2025-07-26 19:28:07.486909+00', 1),
	(114, '2025-05-18', 12, 10, 3, 2, 2, 1, 1, '2025-07-26 19:28:07.486909+00', '2025-07-26 19:28:07.486909+00', 1),
	(115, '2025-05-18', 15, 14, 1, 3, 2, 1, 1, '2025-07-26 19:28:07.486909+00', '2025-07-26 19:28:07.486909+00', 1),
	(116, '2025-05-18', 3, 19, 2, 0, 2, 1, 1, '2025-07-26 19:28:07.486909+00', '2025-07-26 19:28:07.486909+00', 1),
	(117, '2025-05-31', 12, 20, 1, 1, 2, 1, 1, '2025-07-26 19:28:07.486909+00', '2025-07-26 19:28:07.486909+00', 1),
	(118, '2025-05-31', 16, 1, 3, 1, 2, 1, 1, '2025-07-26 19:28:07.486909+00', '2025-07-26 19:28:07.486909+00', 1),
	(119, '2025-05-31', 6, 5, 4, 1, 2, 1, 1, '2025-07-26 19:28:07.486909+00', '2025-07-26 19:28:07.486909+00', 1),
	(120, '2024-09-07', 8, 19, 5, 1, 2, 1, 1, '2025-07-26 19:29:01.161221+00', '2025-07-26 19:29:01.161221+00', 1),
	(121, '2024-09-07', 11, 14, 2, 4, 2, 1, 1, '2025-07-26 19:29:01.161221+00', '2025-07-26 19:29:01.161221+00', 1),
	(122, '2024-09-07', 15, 6, 2, 2, 2, 1, 1, '2025-07-26 19:29:01.161221+00', '2025-07-26 19:29:01.161221+00', 1),
	(123, '2024-09-07', 4, 18, 2, 2, 2, 1, 1, '2025-07-26 19:29:01.161221+00', '2025-07-26 19:29:01.161221+00', 1),
	(124, '2024-09-07', 10, 2, 0, 4, 2, 1, 1, '2025-07-26 19:29:01.161221+00', '2025-07-26 19:29:01.161221+00', 1),
	(125, '2024-09-07', 5, 7, 1, 2, 2, 1, 1, '2025-07-26 19:29:01.161221+00', '2025-07-26 19:29:01.161221+00', 1),
	(126, '2024-09-07', 1, 13, 1, 1, 2, 1, 1, '2025-07-26 19:29:01.161221+00', '2025-07-26 19:29:01.161221+00', 1),
	(127, '2024-09-08', 4, 19, 2, 0, 2, 1, 1, '2025-07-26 19:29:01.161221+00', '2025-07-26 19:29:01.161221+00', 1),
	(128, '2024-09-08', 8, 18, 2, 3, 2, 1, 1, '2025-07-26 19:29:01.161221+00', '2025-07-26 19:29:01.161221+00', 1),
	(129, '2024-09-08', 12, 13, 2, 5, 2, 1, 1, '2025-07-26 19:29:01.161221+00', '2025-07-26 19:29:01.161221+00', 1),
	(130, '2024-09-08', 11, 15, 3, 5, 2, 1, 1, '2025-07-26 19:29:01.161221+00', '2025-07-26 19:29:01.161221+00', 1),
	(131, '2024-09-08', 6, 7, 0, 4, 2, 1, 1, '2025-07-26 19:29:01.161221+00', '2025-07-26 19:29:01.161221+00', 1),
	(132, '2024-09-08', 3, 14, 1, 0, 2, 1, 1, '2025-07-26 19:29:01.161221+00', '2025-07-26 19:29:01.161221+00', 1),
	(133, '2024-09-14', 9, 13, 2, 6, 2, 1, 1, '2025-07-26 19:29:01.161221+00', '2025-07-26 19:29:01.161221+00', 1),
	(134, '2024-09-14', 10, 19, 4, 0, 2, 1, 1, '2025-07-26 19:29:01.161221+00', '2025-07-26 19:29:01.161221+00', 1),
	(135, '2024-09-14', 6, 12, 0, 2, 2, 1, 1, '2025-07-26 19:29:01.161221+00', '2025-07-26 19:29:01.161221+00', 1),
	(136, '2024-09-14', 14, 18, 3, 2, 2, 1, 1, '2025-07-26 19:29:01.161221+00', '2025-07-26 19:29:01.161221+00', 1),
	(137, '2024-09-14', 5, 15, 2, 1, 2, 1, 1, '2025-07-26 19:29:01.161221+00', '2025-07-26 19:29:01.161221+00', 1),
	(138, '2024-09-14', 4, 8, 6, 1, 2, 1, 1, '2025-07-26 19:29:01.161221+00', '2025-07-26 19:29:01.161221+00', 1),
	(139, '2024-09-14', 16, 17, 1, 3, 2, 1, 1, '2025-07-26 19:29:01.161221+00', '2025-07-26 19:29:01.161221+00', 1),
	(140, '2024-09-14', 1, 2, 0, 4, 2, 1, 1, '2025-07-26 19:29:01.161221+00', '2025-07-26 19:29:01.161221+00', 1),
	(141, '2024-09-14', 10, 18, 3, 2, 2, 1, 1, '2025-07-26 19:29:01.161221+00', '2025-07-26 19:29:01.161221+00', 1),
	(142, '2024-09-15', 1, 3, 0, 1, 2, 1, 1, '2025-07-26 19:29:01.161221+00', '2025-07-26 19:29:01.161221+00', 1),
	(143, '2024-09-15', 16, 11, 0, 4, 2, 1, 1, '2025-07-26 19:29:01.161221+00', '2025-07-26 19:29:01.161221+00', 1),
	(144, '2024-09-15', 14, 19, 9, 0, 2, 1, 1, '2025-07-26 19:29:01.161221+00', '2025-07-26 19:29:01.161221+00', 1),
	(145, '2024-09-15', 7, 2, 1, 3, 2, 1, 1, '2025-07-26 19:29:01.161221+00', '2025-07-26 19:29:01.161221+00', 1),
	(146, '2024-09-21', 7, 13, 1, 3, 2, 1, 1, '2025-07-26 19:29:01.161221+00', '2025-07-26 19:29:01.161221+00', 1),
	(147, '2024-09-21', 12, 8, 1, 2, 2, 1, 1, '2025-07-26 19:29:01.161221+00', '2025-07-26 19:29:01.161221+00', 1),
	(148, '2024-09-21', 17, 14, 0, 2, 2, 1, 1, '2025-07-26 19:29:01.161221+00', '2025-07-26 19:29:01.161221+00', 1),
	(149, '2024-09-21', 9, 3, 2, 2, 2, 1, 1, '2025-07-26 19:29:01.161221+00', '2025-07-26 19:29:01.161221+00', 1),
	(150, '2024-09-21', 15, 10, 1, 2, 2, 1, 1, '2025-07-26 19:29:01.161221+00', '2025-07-26 19:29:01.161221+00', 1),
	(151, '2024-09-21', 19, 6, 1, 3, 2, 1, 1, '2025-07-26 19:29:01.161221+00', '2025-07-26 19:29:01.161221+00', 1),
	(152, '2024-09-21', 2, 5, 1, 1, 2, 1, 1, '2025-07-26 19:29:01.161221+00', '2025-07-26 19:29:01.161221+00', 1),
	(153, '2024-09-22', 12, 3, 1, 1, 2, 1, 1, '2025-07-26 19:29:01.161221+00', '2025-07-26 19:29:01.161221+00', 1),
	(154, '2024-09-22', 7, 9, 2, 1, 2, 1, 1, '2025-07-26 19:29:01.161221+00', '2025-07-26 19:29:01.161221+00', 1),
	(155, '2024-09-22', 1, 4, 1, 6, 2, 1, 1, '2025-07-26 19:29:01.161221+00', '2025-07-26 19:29:01.161221+00', 1),
	(156, '2024-09-22', 13, 6, 5, 0, 2, 1, 1, '2025-07-26 19:29:01.161221+00', '2025-07-26 19:29:01.161221+00', 1),
	(157, '2024-09-28', 5, 6, 4, 1, 2, 1, 1, '2025-07-26 19:29:01.161221+00', '2025-07-26 19:29:01.161221+00', 1),
	(158, '2024-09-28', 16, 12, 1, 1, 2, 1, 1, '2025-07-26 19:29:01.161221+00', '2025-07-26 19:29:01.161221+00', 1),
	(159, '2024-09-28', 11, 1, 4, 0, 2, 1, 1, '2025-07-26 19:29:01.161221+00', '2025-07-26 19:29:01.161221+00', 1),
	(160, '2024-09-28', 19, 15, 0, 6, 2, 1, 1, '2025-07-26 19:29:01.161221+00', '2025-07-26 19:29:01.161221+00', 1),
	(161, '2024-09-28', 9, 18, 4, 2, 2, 1, 1, '2025-07-26 19:29:01.161221+00', '2025-07-26 19:29:01.161221+00', 1),
	(162, '2024-09-28', 3, 17, 2, 1, 2, 1, 1, '2025-07-26 19:29:01.161221+00', '2025-07-26 19:29:01.161221+00', 1),
	(163, '2024-09-28', 4, 2, 2, 0, 2, 1, 1, '2025-07-26 19:29:01.161221+00', '2025-07-26 19:29:01.161221+00', 1),
	(164, '2024-09-28', 14, 10, 4, 1, 2, 1, 1, '2025-07-26 19:29:01.161221+00', '2025-07-26 19:29:01.161221+00', 1),
	(165, '2024-09-29', 3, 2, 1, 4, 2, 1, 1, '2025-07-26 19:29:01.161221+00', '2025-07-26 19:29:01.161221+00', 1),
	(166, '2024-09-29', 13, 15, 1, 0, 2, 1, 1, '2025-07-26 19:29:01.161221+00', '2025-07-26 19:29:01.161221+00', 1),
	(167, '2024-09-29', 8, 17, 1, 2, 2, 1, 1, '2025-07-26 19:29:01.161221+00', '2025-07-26 19:29:01.161221+00', 1),
	(168, '2024-09-29', 11, 5, 1, 1, 2, 1, 1, '2025-07-26 19:29:01.161221+00', '2025-07-26 19:29:01.161221+00', 1),
	(169, '2024-10-05', 12, 18, 2, 2, 2, 1, 1, '2025-07-26 19:29:01.161221+00', '2025-07-26 19:29:01.161221+00', 1),
	(170, '2024-10-05', 15, 3, 1, 3, 2, 1, 1, '2025-07-26 19:29:01.164548+00', '2025-07-26 19:29:01.164548+00', 1),
	(171, '2024-10-05', 4, 16, 5, 0, 2, 1, 1, '2025-07-26 19:29:01.164548+00', '2025-07-26 19:29:01.164548+00', 1),
	(172, '2024-10-05', 5, 17, 2, 2, 2, 1, 1, '2025-07-26 19:29:01.164548+00', '2025-07-26 19:29:01.164548+00', 1),
	(173, '2024-10-05', 14, 8, 5, 0, 2, 1, 1, '2025-07-26 19:29:01.164548+00', '2025-07-26 19:29:01.164548+00', 1),
	(174, '2024-10-05', 19, 7, 0, 4, 2, 1, 1, '2025-07-26 19:29:01.164548+00', '2025-07-26 19:29:01.164548+00', 1),
	(175, '2024-10-05', 12, 7, 3, 1, 2, 1, 1, '2025-07-26 19:29:01.164548+00', '2025-07-26 19:29:01.164548+00', 1),
	(176, '2024-10-06', 10, 16, 3, 1, 2, 1, 1, '2025-07-26 19:29:01.164548+00', '2025-07-26 19:29:01.164548+00', 1),
	(177, '2024-10-06', 18, 11, 1, 1, 2, 1, 1, '2025-07-26 19:29:01.164548+00', '2025-07-26 19:29:01.164548+00', 1),
	(178, '2024-10-06', 2, 6, 6, 0, 2, 1, 1, '2025-07-26 19:29:01.164548+00', '2025-07-26 19:29:01.164548+00', 1),
	(179, '2024-10-06', 4, 14, 2, 0, 2, 1, 1, '2025-07-26 19:29:01.164548+00', '2025-07-26 19:29:01.164548+00', 1),
	(180, '2024-10-06', 5, 8, 0, 4, 2, 1, 1, '2025-07-26 19:29:01.164548+00', '2025-07-26 19:29:01.164548+00', 1),
	(181, '2024-10-19', 17, 6, 2, 1, 2, 1, 1, '2025-07-26 19:29:01.164548+00', '2025-07-26 19:29:01.164548+00', 1),
	(182, '2024-10-19', 18, 5, 2, 3, 2, 1, 1, '2025-07-26 19:29:01.164548+00', '2025-07-26 19:29:01.164548+00', 1),
	(183, '2024-10-19', 19, 13, 1, 7, 2, 1, 1, '2025-07-26 19:29:01.164548+00', '2025-07-26 19:29:01.164548+00', 1),
	(184, '2024-10-19', 9, 8, 1, 3, 2, 1, 1, '2025-07-26 19:29:01.164548+00', '2025-07-26 19:29:01.164548+00', 1),
	(185, '2024-10-19', 11, 3, 5, 3, 2, 1, 1, '2025-07-26 19:29:01.164548+00', '2025-07-26 19:29:01.164548+00', 1),
	(186, '2024-10-19', 7, 14, 0, 2, 2, 1, 1, '2025-07-26 19:29:01.164548+00', '2025-07-26 19:29:01.164548+00', 1),
	(187, '2024-10-19', 12, 2, 1, 3, 2, 1, 1, '2025-07-26 19:29:01.164548+00', '2025-07-26 19:29:01.164548+00', 1),
	(188, '2024-10-20', 7, 8, 0, 3, 2, 1, 1, '2025-07-26 19:29:01.164548+00', '2025-07-26 19:29:01.164548+00', 1),
	(189, '2024-10-20', 18, 13, 2, 2, 2, 1, 1, '2025-07-26 19:29:01.164548+00', '2025-07-26 19:29:01.164548+00', 1),
	(190, '2024-10-20', 17, 1, 3, 1, 2, 1, 1, '2025-07-26 19:29:01.164548+00', '2025-07-26 19:29:01.164548+00', 1),
	(200, '2024-10-27', 2, 16, 3, 0, 2, 1, 1, '2025-07-26 19:29:01.164548+00', '2025-07-26 19:29:01.164548+00', 1),
	(201, '2024-10-27', 15, 5, 1, 0, 2, 1, 1, '2025-07-26 19:29:01.164548+00', '2025-07-26 19:29:01.164548+00', 1),
	(202, '2024-10-27', 1, 19, 2, 0, 2, 1, 1, '2025-07-26 19:29:01.164548+00', '2025-07-26 19:29:01.164548+00', 1),
	(203, '2024-11-02', 2, 3, 0, 1, 2, 1, 1, '2025-07-26 19:29:01.164548+00', '2025-07-26 19:29:01.164548+00', 1),
	(204, '2024-11-02', 15, 12, 0, 2, 2, 1, 1, '2025-07-26 19:29:01.164548+00', '2025-07-26 19:29:01.164548+00', 1),
	(205, '2024-11-02', 17, 4, 0, 3, 2, 1, 1, '2025-07-26 19:29:01.164548+00', '2025-07-26 19:29:01.164548+00', 1),
	(206, '2024-11-02', 8, 14, 1, 3, 2, 1, 1, '2025-07-26 19:29:01.164548+00', '2025-07-26 19:29:01.164548+00', 1),
	(207, '2024-11-02', 11, 7, 7, 2, 2, 1, 1, '2025-07-26 19:29:01.164548+00', '2025-07-26 19:29:01.164548+00', 1),
	(208, '2024-11-02', 5, 10, 5, 2, 2, 1, 1, '2025-07-26 19:29:01.164548+00', '2025-07-26 19:29:01.164548+00', 1),
	(209, '2024-11-02', 16, 18, 1, 2, 2, 1, 1, '2025-07-26 19:29:01.164548+00', '2025-07-26 19:29:01.164548+00', 1),
	(210, '2024-11-03', 2, 14, 1, 2, 2, 1, 1, '2025-07-26 19:29:01.164548+00', '2025-07-26 19:29:01.164548+00', 1),
	(211, '2024-11-03', 9, 19, 9, 1, 2, 1, 1, '2025-07-26 19:29:01.164548+00', '2025-07-26 19:29:01.164548+00', 1),
	(212, '2024-11-03', 11, 12, 8, 2, 2, 1, 1, '2025-07-26 19:29:01.164548+00', '2025-07-26 19:29:01.164548+00', 1),
	(213, '2024-11-03', 17, 13, 1, 2, 2, 1, 1, '2025-07-26 19:29:01.164548+00', '2025-07-26 19:29:01.164548+00', 1),
	(214, '2024-11-03', 15, 7, 3, 1, 2, 1, 1, '2025-07-26 19:29:01.164548+00', '2025-07-26 19:29:01.164548+00', 1),
	(215, '2024-11-03', 5, 1, 1, 0, 2, 1, 1, '2025-07-26 19:29:01.164548+00', '2025-07-26 19:29:01.164548+00', 1),
	(216, '2024-11-03', 8, 3, 3, 1, 2, 1, 1, '2025-07-26 19:29:01.164548+00', '2025-07-26 19:29:01.164548+00', 1),
	(217, '2024-11-09', 17, 9, 1, 3, 2, 1, 1, '2025-07-26 19:29:01.164548+00', '2025-07-26 19:29:01.164548+00', 1),
	(218, '2024-11-09', 14, 6, 4, 1, 2, 1, 1, '2025-07-26 19:29:01.164548+00', '2025-07-26 19:29:01.164548+00', 1),
	(219, '2024-11-09', 5, 3, 0, 2, 2, 1, 1, '2025-07-26 19:29:01.164548+00', '2025-07-26 19:29:01.164548+00', 1),
	(270, '2025-03-22', 14, 11, 3, 4, 2, 1, 1, '2025-07-26 19:29:01.170527+00', '2025-07-26 19:29:01.170527+00', 1),
	(271, '2025-03-22', 6, 8, 3, 3, 2, 1, 1, '2025-07-26 19:29:01.170527+00', '2025-07-26 19:29:01.170527+00', 1),
	(272, '2025-03-22', 13, 18, 5, 1, 2, 1, 1, '2025-07-26 19:29:01.170527+00', '2025-07-26 19:29:01.170527+00', 1),
	(273, '2025-03-22', 3, 15, 2, 0, 2, 1, 1, '2025-07-26 19:29:01.170527+00', '2025-07-26 19:29:01.170527+00', 1),
	(274, '2025-03-23', 20, 1, 7, 2, 2, 1, 1, '2025-07-26 19:29:01.170527+00', '2025-07-26 19:29:01.170527+00', 1),
	(275, '2025-03-23', 13, 5, 4, 0, 2, 1, 1, '2025-07-26 19:29:01.170527+00', '2025-07-26 19:29:01.170527+00', 1),
	(276, '2025-03-23', 4, 15, 4, 1, 2, 1, 1, '2025-07-26 19:29:01.170527+00', '2025-07-26 19:29:01.170527+00', 1),
	(277, '2025-03-29', 17, 12, 1, 1, 2, 1, 1, '2025-07-26 19:29:01.170527+00', '2025-07-26 19:29:01.170527+00', 1),
	(278, '2025-03-29', 8, 10, 1, 1, 2, 1, 1, '2025-07-26 19:29:01.170527+00', '2025-07-26 19:29:01.170527+00', 1),
	(279, '2025-03-29', 4, 11, 2, 0, 2, 1, 1, '2025-07-26 19:29:01.170527+00', '2025-07-26 19:29:01.170527+00', 1),
	(280, '2025-03-29', 5, 20, 4, 2, 2, 1, 1, '2025-07-26 19:29:01.170527+00', '2025-07-26 19:29:01.170527+00', 1),
	(281, '2025-03-30', 10, 13, 0, 5, 2, 1, 1, '2025-07-26 19:29:01.170527+00', '2025-07-26 19:29:01.170527+00', 1),
	(282, '2025-03-30', 17, 7, 1, 3, 2, 1, 1, '2025-07-26 19:29:01.170527+00', '2025-07-26 19:29:01.170527+00', 1),
	(283, '2025-03-30', 15, 2, 1, 0, 2, 1, 1, '2025-07-26 19:29:01.170527+00', '2025-07-26 19:29:01.170527+00', 1),
	(284, '2025-03-30', 18, 16, 0, 0, 2, 1, 1, '2025-07-26 19:29:01.170527+00', '2025-07-26 19:29:01.170527+00', 1),
	(285, '2025-04-05', 20, 7, 3, 0, 2, 1, 1, '2025-07-26 19:29:01.170527+00', '2025-07-26 19:29:01.170527+00', 1),
	(286, '2025-04-05', 10, 14, 0, 2, 2, 1, 1, '2025-07-26 19:29:01.170527+00', '2025-07-26 19:29:01.170527+00', 1),
	(287, '2025-04-05', 8, 4, 0, 4, 2, 1, 1, '2025-07-26 19:29:01.170527+00', '2025-07-26 19:29:01.170527+00', 1),
	(288, '2025-04-05', 18, 1, 1, 3, 2, 1, 1, '2025-07-26 19:29:01.170527+00', '2025-07-26 19:29:01.170527+00', 1),
	(289, '2025-04-05', 3, 5, 3, 0, 2, 1, 1, '2025-07-26 19:29:01.170527+00', '2025-07-26 19:29:01.170527+00', 1),
	(290, '2025-04-05', 13, 12, 2, 1, 2, 1, 1, '2025-07-26 19:29:01.170527+00', '2025-07-26 19:29:01.170527+00', 1),
	(291, '2025-04-05', 6, 17, 1, 1, 2, 1, 1, '2025-07-26 19:29:01.170527+00', '2025-07-26 19:29:01.170527+00', 1),
	(292, '2025-04-06', 15, 17, 3, 0, 2, 1, 1, '2025-07-26 19:29:01.170527+00', '2025-07-26 19:29:01.170527+00', 1),
	(293, '2025-04-06', 13, 20, 1, 0, 2, 1, 1, '2025-07-26 19:29:01.170527+00', '2025-07-26 19:29:01.170527+00', 1),
	(294, '2025-04-06', 16, 19, 3, 1, 2, 1, 1, '2025-07-26 19:29:01.170527+00', '2025-07-26 19:29:01.170527+00', 1),
	(295, '2025-04-12', 11, 2, 1, 4, 2, 1, 1, '2025-07-26 19:29:01.170527+00', '2025-07-26 19:29:01.170527+00', 1),
	(296, '2025-04-12', 17, 3, 1, 4, 2, 1, 1, '2025-07-26 19:29:01.170527+00', '2025-07-26 19:29:01.170527+00', 1),
	(297, '2025-04-12', 7, 10, 5, 4, 2, 1, 1, '2025-07-26 19:29:01.170527+00', '2025-07-26 19:29:01.170527+00', 1),
	(298, '2025-04-13', 12, 14, 0, 4, 2, 1, 1, '2025-07-26 19:29:01.170527+00', '2025-07-26 19:29:01.170527+00', 1),
	(299, '2025-04-26', 2, 17, 2, 0, 2, 1, 1, '2025-07-26 19:29:01.170527+00', '2025-07-26 19:29:01.170527+00', 1),
	(300, '2025-04-26', 4, 6, 1, 1, 2, 1, 1, '2025-07-26 19:29:01.170527+00', '2025-07-26 19:29:01.170527+00', 1),
	(301, '2025-04-26', 7, 12, 1, 2, 2, 1, 1, '2025-07-26 19:29:01.170527+00', '2025-07-26 19:29:01.170527+00', 1),
	(302, '2025-04-26', 13, 1, 3, 1, 2, 1, 1, '2025-07-26 19:29:01.170527+00', '2025-07-26 19:29:01.170527+00', 1),
	(303, '2025-04-26', 10, 11, 1, 6, 2, 1, 1, '2025-07-26 19:29:01.170527+00', '2025-07-26 19:29:01.170527+00', 1),
	(304, '2025-04-26', 16, 20, 1, 4, 2, 1, 1, '2025-07-26 19:29:01.170527+00', '2025-07-26 19:29:01.170527+00', 1),
	(305, '2025-04-27', 14, 5, 0, 1, 2, 1, 1, '2025-07-26 19:29:01.170527+00', '2025-07-26 19:29:01.170527+00', 1),
	(306, '2025-04-27', 2, 8, 5, 1, 2, 1, 1, '2025-07-26 19:29:01.170527+00', '2025-07-26 19:29:01.170527+00', 1),
	(307, '2025-04-27', 3, 11, 2, 0, 2, 1, 1, '2025-07-26 19:29:01.170527+00', '2025-07-26 19:29:01.170527+00', 1),
	(308, '2025-04-27', 10, 15, 5, 1, 2, 1, 1, '2025-07-26 19:29:01.170527+00', '2025-07-26 19:29:01.170527+00', 1),
	(309, '2025-05-03', 15, 8, 3, 0, 2, 1, 1, '2025-07-26 19:29:01.170527+00', '2025-07-26 19:29:01.170527+00', 1),
	(310, '2025-05-03', 11, 17, 0, 1, 2, 1, 1, '2025-07-26 19:29:01.170527+00', '2025-07-26 19:29:01.170527+00', 1),
	(311, '2025-05-03', 18, 12, 1, 1, 2, 1, 1, '2025-07-26 19:29:01.170527+00', '2025-07-26 19:29:01.170527+00', 1),
	(312, '2025-05-03', 10, 4, 0, 3, 2, 1, 1, '2025-07-26 19:29:01.170527+00', '2025-07-26 19:29:01.170527+00', 1),
	(313, '2025-05-03', 16, 5, 3, 0, 2, 1, 1, '2025-07-26 19:29:01.170527+00', '2025-07-26 19:29:01.170527+00', 1),
	(314, '2025-05-03', 14, 3, 0, 2, 2, 1, 1, '2025-07-26 19:29:01.170527+00', '2025-07-26 19:29:01.170527+00', 1),
	(315, '2025-05-03', 13, 7, 3, 0, 2, 1, 1, '2025-07-26 19:29:01.170527+00', '2025-07-26 19:29:01.170527+00', 1),
	(316, '2025-05-03', 6, 2, 0, 10, 2, 1, 1, '2025-07-26 19:29:01.170527+00', '2025-07-26 19:29:01.170527+00', 1),
	(317, '2025-05-03', 19, 1, 0, 4, 2, 1, 1, '2025-07-26 19:29:01.170527+00', '2025-07-26 19:29:01.170527+00', 1),
	(318, '2025-05-04', 18, 19, 4, 0, 2, 1, 1, '2025-07-26 19:29:01.170527+00', '2025-07-26 19:29:01.170527+00', 1),
	(319, '2025-05-04', 8, 5, 0, 4, 2, 1, 1, '2025-07-26 19:29:01.170527+00', '2025-07-26 19:29:01.170527+00', 1),
	(220, '2024-11-09', 12, 16, 3, 1, 2, 1, 1, '2025-07-26 19:29:01.167918+00', '2025-07-26 19:29:01.167918+00', 1),
	(221, '2024-11-09', 10, 8, 2, 2, 2, 1, 1, '2025-07-26 19:29:01.167918+00', '2025-07-26 19:29:01.167918+00', 1),
	(222, '2024-11-09', 19, 11, 0, 4, 2, 1, 1, '2025-07-26 19:29:01.167918+00', '2025-07-26 19:29:01.167918+00', 1),
	(223, '2024-11-09', 7, 1, 1, 0, 2, 1, 1, '2025-07-26 19:29:01.167918+00', '2025-07-26 19:29:01.167918+00', 1),
	(224, '2024-11-10', 4, 10, 1, 4, 2, 1, 1, '2025-07-26 19:29:01.167918+00', '2025-07-26 19:29:01.167918+00', 1),
	(225, '2024-11-10', 17, 2, 1, 1, 2, 1, 1, '2025-07-26 19:29:01.167918+00', '2025-07-26 19:29:01.167918+00', 1),
	(226, '2024-11-10', 13, 11, 2, 2, 2, 1, 1, '2025-07-26 19:29:01.167918+00', '2025-07-26 19:29:01.167918+00', 1),
	(227, '2024-11-16', 3, 10, 0, 0, 2, 1, 1, '2025-07-26 19:29:01.167918+00', '2025-07-26 19:29:01.167918+00', 1),
	(228, '2024-11-16', 17, 15, 0, 0, 2, 1, 1, '2025-07-26 19:29:01.167918+00', '2025-07-26 19:29:01.167918+00', 1),
	(229, '2024-11-16', 9, 12, 0, 0, 2, 1, 1, '2025-07-26 19:29:01.167918+00', '2025-07-26 19:29:01.167918+00', 1),
	(230, '2024-11-16', 5, 14, 0, 0, 2, 1, 1, '2025-07-26 19:29:01.167918+00', '2025-07-26 19:29:01.167918+00', 1),
	(231, '2024-11-16', 19, 18, 0, 0, 2, 1, 1, '2025-07-26 19:29:01.167918+00', '2025-07-26 19:29:01.167918+00', 1),
	(232, '2024-11-16', 2, 11, 0, 0, 2, 1, 1, '2025-07-26 19:29:01.167918+00', '2025-07-26 19:29:01.167918+00', 1),
	(233, '2024-11-16', 7, 4, 0, 0, 2, 1, 1, '2025-07-26 19:29:01.167918+00', '2025-07-26 19:29:01.167918+00', 1),
	(234, '2024-11-16', 16, 13, 0, 0, 2, 1, 1, '2025-07-26 19:29:01.167918+00', '2025-07-26 19:29:01.167918+00', 1),
	(235, '2024-11-16', 1, 8, 0, 0, 2, 1, 1, '2025-07-26 19:29:01.167918+00', '2025-07-26 19:29:01.167918+00', 1),
	(236, '2024-11-17', 19, 12, 0, 0, 2, 1, 1, '2025-07-26 19:29:01.167918+00', '2025-07-26 19:29:01.167918+00', 1),
	(237, '2024-11-17', 9, 4, 0, 0, 2, 1, 1, '2025-07-26 19:29:01.167918+00', '2025-07-26 19:29:01.167918+00', 1),
	(238, '2024-11-17', 18, 7, 0, 0, 2, 1, 1, '2025-07-26 19:29:01.167918+00', '2025-07-26 19:29:01.167918+00', 1),
	(239, '2024-11-17', 11, 10, 0, 0, 2, 1, 1, '2025-07-26 19:29:01.167918+00', '2025-07-26 19:29:01.167918+00', 1),
	(240, '2024-11-17', 17, 5, 0, 0, 2, 1, 1, '2025-07-26 19:29:01.167918+00', '2025-07-26 19:29:01.167918+00', 1),
	(241, '2024-11-17', 8, 13, 0, 0, 2, 1, 1, '2025-07-26 19:29:01.167918+00', '2025-07-26 19:29:01.167918+00', 1),
	(242, '2025-03-01', 8, 6, 4, 2, 2, 1, 1, '2025-07-26 19:29:01.167918+00', '2025-07-26 19:29:01.167918+00', 1),
	(243, '2025-03-01', 13, 19, 3, 1, 2, 1, 1, '2025-07-26 19:29:01.167918+00', '2025-07-26 19:29:01.167918+00', 1),
	(244, '2025-03-01', 15, 20, 3, 1, 2, 1, 1, '2025-07-26 19:29:01.167918+00', '2025-07-26 19:29:01.167918+00', 1),
	(245, '2025-03-01', 1, 16, 2, 0, 2, 1, 1, '2025-07-26 19:29:01.167918+00', '2025-07-26 19:29:01.167918+00', 1),
	(246, '2025-03-02', 8, 11, 4, 5, 2, 1, 1, '2025-07-26 19:29:01.167918+00', '2025-07-26 19:29:01.167918+00', 1),
	(247, '2025-03-02', 6, 20, 2, 4, 2, 1, 1, '2025-07-26 19:29:01.167918+00', '2025-07-26 19:29:01.167918+00', 1),
	(248, '2025-03-02', 2, 10, 9, 0, 2, 1, 1, '2025-07-26 19:29:01.167918+00', '2025-07-26 19:29:01.167918+00', 1),
	(249, '2025-03-02', 13, 16, 8, 0, 2, 1, 1, '2025-07-26 19:29:01.167918+00', '2025-07-26 19:29:01.167918+00', 1),
	(250, '2025-03-02', 3, 18, 5, 1, 2, 1, 1, '2025-07-26 19:29:01.167918+00', '2025-07-26 19:29:01.167918+00', 1),
	(251, '2025-03-08', 5, 12, 1, 2, 2, 1, 1, '2025-07-26 19:29:01.167918+00', '2025-07-26 19:29:01.167918+00', 1),
	(252, '2025-03-08', 15, 11, 0, 3, 2, 1, 1, '2025-07-26 19:29:01.167918+00', '2025-07-26 19:29:01.167918+00', 1),
	(253, '2025-03-08', 18, 20, 1, 5, 2, 1, 1, '2025-07-26 19:29:01.167918+00', '2025-07-26 19:29:01.167918+00', 1),
	(254, '2025-03-08', 6, 1, 5, 1, 2, 1, 1, '2025-07-26 19:29:01.167918+00', '2025-07-26 19:29:01.167918+00', 1),
	(255, '2025-03-08', 4, 17, 3, 0, 2, 1, 1, '2025-07-26 19:29:01.167918+00', '2025-07-26 19:29:01.167918+00', 1),
	(256, '2025-03-08', 14, 13, 1, 0, 2, 1, 1, '2025-07-26 19:29:01.167918+00', '2025-07-26 19:29:01.167918+00', 1),
	(257, '2025-03-08', 7, 3, 0, 3, 2, 1, 1, '2025-07-26 19:29:01.167918+00', '2025-07-26 19:29:01.167918+00', 1),
	(258, '2025-03-08', 8, 16, 7, 2, 2, 1, 1, '2025-07-26 19:29:01.167918+00', '2025-07-26 19:29:01.167918+00', 1),
	(259, '2025-03-09', 10, 17, 3, 1, 2, 1, 1, '2025-07-26 19:29:01.167918+00', '2025-07-26 19:29:01.167918+00', 1),
	(260, '2025-03-09', 15, 1, 3, 0, 2, 1, 1, '2025-07-26 19:29:01.167918+00', '2025-07-26 19:29:01.167918+00', 1),
	(261, '2025-03-09', 6, 11, 2, 4, 2, 1, 1, '2025-07-26 19:29:01.167918+00', '2025-07-26 19:29:01.167918+00', 1),
	(262, '2025-03-09', 20, 2, 0, 3, 2, 1, 1, '2025-07-26 19:29:01.167918+00', '2025-07-26 19:29:01.167918+00', 1),
	(263, '2025-03-09', 4, 13, 4, 0, 2, 1, 1, '2025-07-26 19:29:01.167918+00', '2025-07-26 19:29:01.167918+00', 1),
	(264, '2025-03-09', 7, 18, 1, 4, 2, 1, 1, '2025-07-26 19:29:01.167918+00', '2025-07-26 19:29:01.167918+00', 1),
	(265, '2025-03-09', 14, 16, 3, 2, 2, 1, 1, '2025-07-26 19:29:01.167918+00', '2025-07-26 19:29:01.167918+00', 1),
	(266, '2025-03-15', 19, 17, 1, 1, 2, 1, 1, '2025-07-26 19:29:01.167918+00', '2025-07-26 19:29:01.167918+00', 1),
	(267, '2025-03-22', 17, 10, 0, 0, 2, 1, 1, '2025-07-26 19:29:01.167918+00', '2025-07-26 19:29:01.167918+00', 1),
	(268, '2025-03-22', 19, 5, 0, 3, 2, 1, 1, '2025-07-26 19:29:01.167918+00', '2025-07-26 19:29:01.167918+00', 1),
	(269, '2025-03-22', 2, 4, 0, 0, 2, 1, 1, '2025-07-26 19:29:01.167918+00', '2025-07-26 19:29:01.167918+00', 1),
	(320, '2025-05-10', 6, 14, 0, 3, 2, 1, 1, '2025-07-26 19:29:01.173191+00', '2025-07-26 19:29:01.173191+00', 1),
	(321, '2025-05-10', 5, 2, 3, 1, 2, 1, 1, '2025-07-26 19:29:01.173191+00', '2025-07-26 19:29:01.173191+00', 1),
	(322, '2025-05-11', 18, 6, 2, 2, 2, 1, 1, '2025-07-26 19:29:01.173191+00', '2025-07-26 19:29:01.173191+00', 1),
	(323, '2025-05-17', 17, 8, 1, 0, 2, 1, 1, '2025-07-26 19:29:01.173191+00', '2025-07-26 19:29:01.173191+00', 1),
	(324, '2025-05-17', 20, 10, 4, 5, 2, 1, 1, '2025-07-26 19:29:01.173191+00', '2025-07-26 19:29:01.173191+00', 1),
	(325, '2025-05-17', 14, 4, 0, 1, 2, 1, 1, '2025-07-26 19:29:01.173191+00', '2025-07-26 19:29:01.173191+00', 1),
	(326, '2025-05-17', 1, 12, 2, 1, 2, 1, 1, '2025-07-26 19:29:01.173191+00', '2025-07-26 19:29:01.173191+00', 1),
	(327, '2025-05-17', 3, 6, 4, 2, 2, 1, 1, '2025-07-26 19:29:01.173191+00', '2025-07-26 19:29:01.173191+00', 1),
	(328, '2025-05-17', 5, 11, 0, 4, 2, 1, 1, '2025-07-26 19:29:01.173191+00', '2025-07-26 19:29:01.173191+00', 1),
	(329, '2025-05-18', 17, 18, 4, 2, 2, 1, 1, '2025-07-26 19:29:01.173191+00', '2025-07-26 19:29:01.173191+00', 1),
	(330, '2025-05-18', 11, 6, 6, 1, 2, 1, 1, '2025-07-26 19:29:01.173191+00', '2025-07-26 19:29:01.173191+00', 1),
	(331, '2025-05-18', 12, 10, 3, 2, 2, 1, 1, '2025-07-26 19:29:01.173191+00', '2025-07-26 19:29:01.173191+00', 1),
	(332, '2025-05-18', 15, 14, 1, 3, 2, 1, 1, '2025-07-26 19:29:01.173191+00', '2025-07-26 19:29:01.173191+00', 1),
	(333, '2025-05-18', 3, 19, 2, 0, 2, 1, 1, '2025-07-26 19:29:01.173191+00', '2025-07-26 19:29:01.173191+00', 1),
	(334, '2025-05-31', 12, 20, 1, 1, 2, 1, 1, '2025-07-26 19:29:01.173191+00', '2025-07-26 19:29:01.173191+00', 1),
	(335, '2025-05-31', 16, 1, 3, 1, 2, 1, 1, '2025-07-26 19:29:01.173191+00', '2025-07-26 19:29:01.173191+00', 1),
	(336, '2025-05-31', 6, 5, 4, 1, 2, 1, 1, '2025-07-26 19:29:01.173191+00', '2025-07-26 19:29:01.173191+00', 1);


--
-- Data for Name: user_profiles; Type: TABLE DATA; Schema: public; Owner: postgres
--

INSERT INTO "public"."user_profiles" ("id", "role", "team_id", "display_name", "created_at", "updated_at", "player_number", "positions", "assigned_age_group_id", "invited_via_code") VALUES
	('effe49d9-51d1-48c9-8075-e496cc76e333', 'team-manager', 9, 'Tom', '2025-09-09 14:30:39.31591+00', '2025-09-09 14:30:56.271+00', NULL, '[]', NULL, NULL);


--
-- Data for Name: invitations; Type: TABLE DATA; Schema: public; Owner: postgres
--



--
-- Data for Name: team_game_types; Type: TABLE DATA; Schema: public; Owner: postgres
--

INSERT INTO "public"."team_game_types" ("id", "team_id", "game_type_id", "age_group_id", "is_active", "created_at", "updated_at") VALUES
	(1, 1, 1, 2, true, '2025-07-20 20:26:48.724247+00', '2025-07-20 20:26:48.724247+00'),
	(2, 1, 2, 2, true, '2025-07-20 20:26:48.724247+00', '2025-07-20 20:26:48.724247+00'),
	(3, 1, 3, 2, true, '2025-07-20 20:26:48.724247+00', '2025-07-20 20:26:48.724247+00'),
	(4, 1, 4, 2, true, '2025-07-20 20:26:48.724247+00', '2025-07-20 20:26:48.724247+00'),
	(5, 2, 1, 2, true, '2025-07-20 20:26:48.724247+00', '2025-07-20 20:26:48.724247+00'),
	(6, 2, 2, 2, true, '2025-07-20 20:26:48.724247+00', '2025-07-20 20:26:48.724247+00'),
	(7, 2, 3, 2, true, '2025-07-20 20:26:48.724247+00', '2025-07-20 20:26:48.724247+00'),
	(8, 2, 4, 2, true, '2025-07-20 20:26:48.724247+00', '2025-07-20 20:26:48.724247+00'),
	(9, 3, 1, 2, true, '2025-07-20 20:26:48.724247+00', '2025-07-20 20:26:48.724247+00'),
	(10, 3, 2, 2, true, '2025-07-20 20:26:48.724247+00', '2025-07-20 20:26:48.724247+00'),
	(11, 3, 3, 2, true, '2025-07-20 20:26:48.724247+00', '2025-07-20 20:26:48.724247+00'),
	(12, 3, 4, 2, true, '2025-07-20 20:26:48.724247+00', '2025-07-20 20:26:48.724247+00'),
	(13, 4, 1, 2, true, '2025-07-20 20:26:48.724247+00', '2025-07-20 20:26:48.724247+00'),
	(14, 4, 2, 2, true, '2025-07-20 20:26:48.724247+00', '2025-07-20 20:26:48.724247+00'),
	(15, 4, 3, 2, true, '2025-07-20 20:26:48.724247+00', '2025-07-20 20:26:48.724247+00'),
	(16, 4, 4, 2, true, '2025-07-20 20:26:48.724247+00', '2025-07-20 20:26:48.724247+00'),
	(17, 5, 1, 2, true, '2025-07-20 20:26:48.724247+00', '2025-07-20 20:26:48.724247+00'),
	(18, 5, 2, 2, true, '2025-07-20 20:26:48.724247+00', '2025-07-20 20:26:48.724247+00'),
	(19, 5, 3, 2, true, '2025-07-20 20:26:48.724247+00', '2025-07-20 20:26:48.724247+00'),
	(20, 5, 4, 2, true, '2025-07-20 20:26:48.724247+00', '2025-07-20 20:26:48.724247+00'),
	(21, 6, 1, 2, true, '2025-07-20 20:26:48.724247+00', '2025-07-20 20:26:48.724247+00'),
	(22, 6, 2, 2, true, '2025-07-20 20:26:48.724247+00', '2025-07-20 20:26:48.724247+00'),
	(23, 6, 3, 2, true, '2025-07-20 20:26:48.724247+00', '2025-07-20 20:26:48.724247+00'),
	(24, 6, 4, 2, true, '2025-07-20 20:26:48.724247+00', '2025-07-20 20:26:48.724247+00'),
	(25, 7, 1, 2, true, '2025-07-20 20:26:48.724247+00', '2025-07-20 20:26:48.724247+00'),
	(26, 7, 2, 2, true, '2025-07-20 20:26:48.724247+00', '2025-07-20 20:26:48.724247+00'),
	(27, 7, 3, 2, true, '2025-07-20 20:26:48.724247+00', '2025-07-20 20:26:48.724247+00'),
	(28, 7, 4, 2, true, '2025-07-20 20:26:48.724247+00', '2025-07-20 20:26:48.724247+00'),
	(29, 8, 1, 2, true, '2025-07-20 20:26:48.724247+00', '2025-07-20 20:26:48.724247+00'),
	(30, 8, 2, 2, true, '2025-07-20 20:26:48.724247+00', '2025-07-20 20:26:48.724247+00'),
	(31, 8, 3, 2, true, '2025-07-20 20:26:48.724247+00', '2025-07-20 20:26:48.724247+00'),
	(32, 8, 4, 2, true, '2025-07-20 20:26:48.724247+00', '2025-07-20 20:26:48.724247+00'),
	(33, 9, 1, 2, true, '2025-07-20 20:26:48.724247+00', '2025-07-20 20:26:48.724247+00'),
	(34, 9, 2, 2, true, '2025-07-20 20:26:48.724247+00', '2025-07-20 20:26:48.724247+00'),
	(35, 9, 3, 2, true, '2025-07-20 20:26:48.724247+00', '2025-07-20 20:26:48.724247+00'),
	(36, 9, 4, 2, true, '2025-07-20 20:26:48.724247+00', '2025-07-20 20:26:48.724247+00'),
	(37, 10, 1, 2, true, '2025-07-20 20:26:48.724247+00', '2025-07-20 20:26:48.724247+00'),
	(38, 10, 2, 2, true, '2025-07-20 20:26:48.724247+00', '2025-07-20 20:26:48.724247+00'),
	(39, 10, 3, 2, true, '2025-07-20 20:26:48.724247+00', '2025-07-20 20:26:48.724247+00'),
	(40, 10, 4, 2, true, '2025-07-20 20:26:48.724247+00', '2025-07-20 20:26:48.724247+00'),
	(41, 11, 1, 2, true, '2025-07-20 20:26:48.724247+00', '2025-07-20 20:26:48.724247+00'),
	(42, 11, 2, 2, true, '2025-07-20 20:26:48.724247+00', '2025-07-20 20:26:48.724247+00'),
	(43, 11, 3, 2, true, '2025-07-20 20:26:48.724247+00', '2025-07-20 20:26:48.724247+00'),
	(44, 11, 4, 2, true, '2025-07-20 20:26:48.724247+00', '2025-07-20 20:26:48.724247+00'),
	(45, 12, 1, 2, true, '2025-07-20 20:26:48.724247+00', '2025-07-20 20:26:48.724247+00'),
	(46, 12, 2, 2, true, '2025-07-20 20:26:48.724247+00', '2025-07-20 20:26:48.724247+00'),
	(47, 12, 3, 2, true, '2025-07-20 20:26:48.724247+00', '2025-07-20 20:26:48.724247+00'),
	(48, 12, 4, 2, true, '2025-07-20 20:26:48.724247+00', '2025-07-20 20:26:48.724247+00'),
	(49, 13, 1, 2, true, '2025-07-20 20:26:48.724247+00', '2025-07-20 20:26:48.724247+00'),
	(50, 13, 2, 2, true, '2025-07-20 20:26:48.724247+00', '2025-07-20 20:26:48.724247+00'),
	(51, 13, 3, 2, true, '2025-07-20 20:26:48.724247+00', '2025-07-20 20:26:48.724247+00'),
	(52, 13, 4, 2, true, '2025-07-20 20:26:48.724247+00', '2025-07-20 20:26:48.724247+00'),
	(53, 14, 1, 2, true, '2025-07-20 20:26:48.724247+00', '2025-07-20 20:26:48.724247+00'),
	(54, 14, 2, 2, true, '2025-07-20 20:26:48.724247+00', '2025-07-20 20:26:48.724247+00'),
	(55, 14, 3, 2, true, '2025-07-20 20:26:48.724247+00', '2025-07-20 20:26:48.724247+00'),
	(56, 14, 4, 2, true, '2025-07-20 20:26:48.724247+00', '2025-07-20 20:26:48.724247+00'),
	(57, 15, 1, 2, true, '2025-07-20 20:26:48.724247+00', '2025-07-20 20:26:48.724247+00'),
	(58, 15, 2, 2, true, '2025-07-20 20:26:48.724247+00', '2025-07-20 20:26:48.724247+00'),
	(59, 15, 3, 2, true, '2025-07-20 20:26:48.724247+00', '2025-07-20 20:26:48.724247+00'),
	(60, 15, 4, 2, true, '2025-07-20 20:26:48.724247+00', '2025-07-20 20:26:48.724247+00'),
	(61, 16, 1, 2, true, '2025-07-20 20:26:48.724247+00', '2025-07-20 20:26:48.724247+00'),
	(62, 16, 2, 2, true, '2025-07-20 20:26:48.724247+00', '2025-07-20 20:26:48.724247+00'),
	(63, 16, 3, 2, true, '2025-07-20 20:26:48.724247+00', '2025-07-20 20:26:48.724247+00'),
	(64, 16, 4, 2, true, '2025-07-20 20:26:48.724247+00', '2025-07-20 20:26:48.724247+00'),
	(65, 17, 1, 2, true, '2025-07-20 20:26:48.724247+00', '2025-07-20 20:26:48.724247+00'),
	(66, 17, 2, 2, true, '2025-07-20 20:26:48.724247+00', '2025-07-20 20:26:48.724247+00'),
	(67, 17, 3, 2, true, '2025-07-20 20:26:48.724247+00', '2025-07-20 20:26:48.724247+00'),
	(68, 17, 4, 2, true, '2025-07-20 20:26:48.724247+00', '2025-07-20 20:26:48.724247+00'),
	(69, 18, 1, 2, true, '2025-07-20 20:26:48.724247+00', '2025-07-20 20:26:48.724247+00'),
	(70, 18, 2, 2, true, '2025-07-20 20:26:48.724247+00', '2025-07-20 20:26:48.724247+00'),
	(71, 18, 3, 2, true, '2025-07-20 20:26:48.724247+00', '2025-07-20 20:26:48.724247+00'),
	(72, 18, 4, 2, true, '2025-07-20 20:26:48.724247+00', '2025-07-20 20:26:48.724247+00'),
	(73, 19, 1, 2, true, '2025-07-20 20:26:48.724247+00', '2025-07-20 20:26:48.724247+00'),
	(74, 19, 2, 2, true, '2025-07-20 20:26:48.724247+00', '2025-07-20 20:26:48.724247+00'),
	(75, 19, 3, 2, true, '2025-07-20 20:26:48.724247+00', '2025-07-20 20:26:48.724247+00'),
	(76, 19, 4, 2, true, '2025-07-20 20:26:48.724247+00', '2025-07-20 20:26:48.724247+00'),
	(77, 20, 1, 2, true, '2025-07-20 20:26:48.724247+00', '2025-07-20 20:26:48.724247+00'),
	(78, 20, 2, 2, true, '2025-07-20 20:26:48.724247+00', '2025-07-20 20:26:48.724247+00'),
	(79, 20, 3, 2, true, '2025-07-20 20:26:48.724247+00', '2025-07-20 20:26:48.724247+00'),
	(80, 20, 4, 2, true, '2025-07-20 20:26:48.724247+00', '2025-07-20 20:26:48.724247+00'),
	(81, 21, 3, 2, true, '2025-07-20 21:02:45.47264+00', '2025-07-20 21:02:45.47264+00'),
	(82, 21, 4, 2, true, '2025-07-20 21:02:45.494566+00', '2025-07-20 21:02:45.494566+00'),
	(83, 21, 2, 2, true, '2025-07-20 21:02:45.512812+00', '2025-07-20 21:02:45.512812+00');


--
-- Data for Name: team_manager_assignments; Type: TABLE DATA; Schema: public; Owner: postgres
--



--
-- Data for Name: team_mappings; Type: TABLE DATA; Schema: public; Owner: postgres
--

INSERT INTO "public"."team_mappings" ("id", "team_id", "age_group_id", "created_at", "division_id") VALUES
	(1, 1, 2, '2025-07-20 20:26:48.718945+00', 1),
	(2, 2, 2, '2025-07-20 20:26:48.718945+00', 1),
	(3, 3, 2, '2025-07-20 20:26:48.718945+00', 1),
	(4, 4, 2, '2025-07-20 20:26:48.718945+00', 1),
	(5, 5, 2, '2025-07-20 20:26:48.718945+00', 1),
	(6, 6, 2, '2025-07-20 20:26:48.718945+00', 1),
	(7, 7, 2, '2025-07-20 20:26:48.718945+00', 1),
	(8, 8, 2, '2025-07-20 20:26:48.718945+00', 1),
	(9, 9, 2, '2025-07-20 20:26:48.718945+00', 1),
	(10, 10, 2, '2025-07-20 20:26:48.718945+00', 1),
	(11, 11, 2, '2025-07-20 20:26:48.718945+00', 1),
	(12, 12, 2, '2025-07-20 20:26:48.718945+00', 1),
	(13, 13, 2, '2025-07-20 20:26:48.718945+00', 1),
	(14, 14, 2, '2025-07-20 20:26:48.718945+00', 1),
	(15, 15, 2, '2025-07-20 20:26:48.718945+00', 1),
	(16, 16, 2, '2025-07-20 20:26:48.718945+00', 1),
	(17, 17, 2, '2025-07-20 20:26:48.718945+00', 1),
	(18, 18, 2, '2025-07-20 20:26:48.718945+00', 1),
	(19, 19, 2, '2025-07-20 20:26:48.718945+00', 1),
	(20, 20, 2, '2025-07-20 20:26:48.718945+00', 1),
	(21, 21, 2, '2025-07-20 21:01:30.412482+00', NULL),
	(22, 11, 1, '2025-07-26 19:28:07.460219+00', 1),
	(23, 12, 1, '2025-07-26 19:28:07.463254+00', 1),
	(24, 13, 1, '2025-07-26 19:28:07.465429+00', 1),
	(25, 14, 1, '2025-07-26 19:28:07.467365+00', 1),
	(26, 15, 1, '2025-07-26 19:28:07.469223+00', 1),
	(27, 16, 1, '2025-07-26 19:28:07.471089+00', 1),
	(28, 17, 1, '2025-07-26 19:28:07.473111+00', 1),
	(29, 18, 1, '2025-07-26 19:28:07.474972+00', 1),
	(30, 19, 1, '2025-07-26 19:28:07.47684+00', 1),
	(31, 1, 1, '2025-07-26 19:28:53.581694+00', 1),
	(32, 2, 1, '2025-07-26 19:28:53.584524+00', 1),
	(33, 3, 1, '2025-07-26 19:28:53.586473+00', 1),
	(34, 4, 1, '2025-07-26 19:28:53.587849+00', 1),
	(35, 5, 1, '2025-07-26 19:28:53.589238+00', 1),
	(36, 6, 1, '2025-07-26 19:28:53.59062+00', 1),
	(37, 7, 1, '2025-07-26 19:28:53.592078+00', 1),
	(38, 8, 1, '2025-07-26 19:28:53.593821+00', 1),
	(39, 9, 1, '2025-07-26 19:28:53.595159+00', 1),
	(40, 20, 1, '2025-07-26 19:28:53.596309+00', 1),
	(41, 10, 1, '2025-07-26 19:28:53.597697+00', 1);


--
-- Data for Name: buckets; Type: TABLE DATA; Schema: storage; Owner: supabase_storage_admin
--



--
-- Data for Name: buckets_analytics; Type: TABLE DATA; Schema: storage; Owner: supabase_storage_admin
--



--
-- Data for Name: iceberg_namespaces; Type: TABLE DATA; Schema: storage; Owner: supabase_storage_admin
--



--
-- Data for Name: iceberg_tables; Type: TABLE DATA; Schema: storage; Owner: supabase_storage_admin
--



--
-- Data for Name: objects; Type: TABLE DATA; Schema: storage; Owner: supabase_storage_admin
--



--
-- Data for Name: prefixes; Type: TABLE DATA; Schema: storage; Owner: supabase_storage_admin
--



--
-- Data for Name: s3_multipart_uploads; Type: TABLE DATA; Schema: storage; Owner: supabase_storage_admin
--



--
-- Data for Name: s3_multipart_uploads_parts; Type: TABLE DATA; Schema: storage; Owner: supabase_storage_admin
--



--
-- Data for Name: hooks; Type: TABLE DATA; Schema: supabase_functions; Owner: supabase_functions_admin
--



--
-- Name: refresh_tokens_id_seq; Type: SEQUENCE SET; Schema: auth; Owner: supabase_auth_admin
--

SELECT pg_catalog.setval('"auth"."refresh_tokens_id_seq"', 1, true);


--
-- Name: age_groups_id_seq; Type: SEQUENCE SET; Schema: public; Owner: postgres
--

SELECT pg_catalog.setval('"public"."age_groups_id_seq"', 8, true);


--
-- Name: divisions_id_seq; Type: SEQUENCE SET; Schema: public; Owner: postgres
--

SELECT pg_catalog.setval('"public"."divisions_id_seq"', 6, true);


--
-- Name: game_types_id_seq; Type: SEQUENCE SET; Schema: public; Owner: postgres
--

SELECT pg_catalog.setval('"public"."game_types_id_seq"', 4, true);


--
-- Name: games_id_seq; Type: SEQUENCE SET; Schema: public; Owner: postgres
--

SELECT pg_catalog.setval('"public"."games_id_seq"', 1, false);


--
-- Name: seasons_id_seq; Type: SEQUENCE SET; Schema: public; Owner: postgres
--

SELECT pg_catalog.setval('"public"."seasons_id_seq"', 3, true);


--
-- Name: team_game_types_id_seq; Type: SEQUENCE SET; Schema: public; Owner: postgres
--

SELECT pg_catalog.setval('"public"."team_game_types_id_seq"', 1, false);


--
-- Name: team_mappings_id_seq; Type: SEQUENCE SET; Schema: public; Owner: postgres
--

SELECT pg_catalog.setval('"public"."team_mappings_id_seq"', 1, false);


--
-- Name: teams_id_seq; Type: SEQUENCE SET; Schema: public; Owner: postgres
--

SELECT pg_catalog.setval('"public"."teams_id_seq"', 1, false);


--
-- Name: hooks_id_seq; Type: SEQUENCE SET; Schema: supabase_functions; Owner: supabase_functions_admin
--

SELECT pg_catalog.setval('"supabase_functions"."hooks_id_seq"', 1, false);


--
-- PostgreSQL database dump complete
--

RESET ALL;
